{
    "loss": 2.081940174102783,
    "accuracy": 0.5323740839958191
}