{
    "loss": 1.4029632806777954,
    "accuracy": 0.8273381590843201
}